{
  "model_version": "rect_patch_v1",
  "family": "microstrip_patch",
  "patch_shape": "rectangular",
  "feed_type": "edge",
  "feature_schema_version": "rect_patch_feedback.v1",
  "prediction_mode": "selected_output_override",
  "hidden_dims": [
    64,
    128,
    64
  ],
  "input_columns": [
    "target_frequency_ghz",
    "target_bandwidth_mhz",
    "substrate_epsilon_r",
    "substrate_height_mm"
  ],
  "output_columns": [
    "patch_length_mm",
    "patch_width_mm",
    "feed_width_mm",
    "feed_offset_y_mm"
  ],
  "x_mean": [
    4.0764665603637695,
    154.9232940673828,
    2.200000047683716,
    2.3999996185302734
  ],
  "x_std": [
    1.4475215673446655,
    54.62175369262695,
    1.0,
    4.76837158203125e-07
  ],
  "y_mean": [
    26.45429039001465,
    33.685420989990234,
    2.103787899017334,
    -8.127574920654297
  ],
  "y_std": [
    9.170968055725098,
    11.949197769165039,
    0.6964680552482605,
    2.9985203742980957
  ],
  "train_rows": 70,
  "validation_rows": 15,
  "test_rows": 15,
  "best_validation_loss": 0.0028828466311097145,
  "test_mae": {
    "patch_length_mm": 0.694193959236145,
    "patch_width_mm": 0.9414956569671631,
    "feed_width_mm": 0.0573468916118145,
    "feed_offset_y_mm": 0.15666897594928741
  },
  "test_mape": {
    "patch_length_mm": 2.507305860519409,
    "patch_width_mm": 2.9177823066711426,
    "feed_width_mm": 2.80999755859375,
    "feed_offset_y_mm": 1.7702747583389282
  },
  "safe_output_bounds": {
    "patch_length_mm": [
      5.0,
      120.0
    ],
    "patch_width_mm": [
      5.0,
      120.0
    ],
    "feed_width_mm": [
      0.2,
      8.0
    ],
    "feed_offset_y_mm": [
      -50.0,
      0.0
    ]
  }
}