{
  "model_version": "v1",
  "input_columns": [
    "frequency_ghz",
    "bandwidth_mhz"
  ],
  "output_columns": [
    "patch_length_mm",
    "patch_width_mm",
    "patch_height_mm",
    "substrate_length_mm",
    "substrate_width_mm",
    "substrate_height_mm",
    "feed_length_mm",
    "feed_width_mm",
    "feed_offset_x_mm",
    "feed_offset_y_mm"
  ],
  "x_mean": [
    5.312878608703613,
    260.1573486328125
  ],
  "x_std": [
    2.6819944381713867,
    136.79864501953125
  ],
  "y_mean": [
    21.085573196411133,
    24.776914596557617,
    0.03500000014901161,
    51.27138900756836,
    54.962738037109375,
    5.030970096588135,
    9.473669052124023,
    2.1820948123931885,
    0.0,
    -5.271393299102783
  ],
  "y_std": [
    18.140405654907227,
    21.291446685791016,
    1.0,
    24.838315963745117,
    27.194725036621094,
    2.825544595718384,
    8.350541114807129,
    1.1176244020462036,
    1.0,
    4.535101413726807
  ],
  "rows": 2916,
  "epochs": 250,
  "final_loss": 0.16506712138652802
}