{
  "model_version": "amc_patch_formula_bootstrap_v1",
  "family": "amc_patch",
  "prediction_mode": "selected_output_override",
  "hidden_dims": [
    128,
    256,
    128
  ],
  "input_columns": [
    "target_frequency_ghz",
    "target_bandwidth_mhz",
    "target_minimum_gain_dbi",
    "substrate_epsilon_r",
    "substrate_height_mm"
  ],
  "output_columns": [
    "amc_unit_cell_period_mm",
    "amc_patch_size_mm",
    "amc_gap_mm",
    "amc_via_radius_mm",
    "amc_air_gap_mm"
  ],
  "x_mean": [
    3.748502492904663,
    255.765869140625,
    6.992247581481934,
    3.2800168991088867,
    1.9017828702926636
  ],
  "x_std": [
    1.3024481534957886,
    112.1929702758789,
    1.7272694110870361,
    1.099818468093872,
    0.6331947445869446
  ],
  "y_mean": [
    21.272085189819336,
    17.043766021728516,
    4.228321075439453,
    0.6623486280441284,
    4.161231994628906
  ],
  "y_std": [
    9.08604621887207,
    7.123576641082764,
    2.1873342990875244,
    0.30511730909347534,
    1.941810965538025
  ],
  "train_rows": 8400,
  "validation_rows": 1800,
  "test_rows": 1800,
  "best_validation_loss": 0.007537814788520336,
  "train_mape": 3.8851571083068848,
  "validation_mape": 3.992990493774414,
  "test_mape": 4.147549152374268,
  "fit_status": "balanced",
  "train_mae": {
    "amc_unit_cell_period_mm": 0.4362565279006958,
    "amc_patch_size_mm": 0.381661057472229,
    "amc_gap_mm": 0.15878009796142578,
    "amc_via_radius_mm": 0.03561003878712654,
    "amc_air_gap_mm": 0.2168988138437271
  },
  "validation_mae": {
    "amc_unit_cell_period_mm": 0.46453237533569336,
    "amc_patch_size_mm": 0.4023120105266571,
    "amc_gap_mm": 0.16297957301139832,
    "amc_via_radius_mm": 0.03729988634586334,
    "amc_air_gap_mm": 0.2297208160161972
  },
  "test_mae": {
    "amc_unit_cell_period_mm": 0.4658801257610321,
    "amc_patch_size_mm": 0.4064420163631439,
    "amc_gap_mm": 0.16700728237628937,
    "amc_via_radius_mm": 0.0387645848095417,
    "amc_air_gap_mm": 0.23280060291290283
  },
  "train_mape_by_column": {
    "amc_unit_cell_period_mm": 2.0904791355133057,
    "amc_patch_size_mm": 2.273444890975952,
    "amc_gap_mm": 4.000518798828125,
    "amc_via_radius_mm": 5.564455509185791,
    "amc_air_gap_mm": 5.496888160705566
  },
  "validation_mape_by_column": {
    "amc_unit_cell_period_mm": 2.1773319244384766,
    "amc_patch_size_mm": 2.345282554626465,
    "amc_gap_mm": 4.050088405609131,
    "amc_via_radius_mm": 5.716663360595703,
    "amc_air_gap_mm": 5.675587177276611
  },
  "test_mape_by_column": {
    "amc_unit_cell_period_mm": 2.2207236289978027,
    "amc_patch_size_mm": 2.3988447189331055,
    "amc_gap_mm": 4.252996921539307,
    "amc_via_radius_mm": 6.058373928070068,
    "amc_air_gap_mm": 5.806806564331055
  },
  "safe_output_bounds": {
    "amc_unit_cell_period_mm": [
      7.726606000000001,
      57.069393999999996
    ],
    "amc_patch_size_mm": [
      6.753456999999999,
      42.939843
    ],
    "amc_gap_mm": [
      0.538567,
      15.983932999999999
    ],
    "amc_via_radius_mm": [
      0.151006,
      2.217794
    ],
    "amc_air_gap_mm": [
      0.8376199999999999,
      12.94918
    ]
  }
}