target_frequency_ghz,target_bandwidth_mhz,substrate_epsilon_r,substrate_height_mm,patch_length_mm,patch_width_mm,feed_width_mm,feed_offset_y_mm
2.45,100.0,2.2,2.4,39.74038696289063,49.52958679199219,2.961895227432251,-11.660110473632812
2.45,100.0,2.2,2.4,39.74038696289063,49.52958679199219,2.961895227432251,-11.660110473632812
