target_frequency_ghz,target_bandwidth_mhz,substrate_epsilon_r,substrate_height_mm,patch_length_mm,patch_width_mm,feed_width_mm,feed_offset_y_mm,actual_center_frequency_ghz,actual_bandwidth_mhz,actual_return_loss_db,actual_vswr,actual_gain_dbi,actual_radiation_efficiency_pct,actual_total_efficiency_pct,actual_directivity_dbi,actual_front_to_back_db,actual_axial_ratio_db
2.45,100.0,2.2,2.4,39.74038696289063,49.52958679199219,2.961895227432251,-11.660110473632812,2.768,14.0,-12.174,1.6533,-14.805,0.0,0.0,-14.805,0.0,30.0
2.45,100.0,2.2,2.4,39.74038696289063,49.52958679199219,2.961895227432251,-11.660110473632812,2.768,14.0,-12.174,1.6533,-14.805,0.0,0.0,-14.805,0.0,30.0
2.45,100.0,2.2,2.4,39.74038696289063,49.52958679199219,2.961895227432251,-11.660110473632812,2.44,98.5,-18.2,1.48,4.6,0.0,0.0,4.6,0.0,30.0
2.4,70.0,2.2,2.4,39.64590179443359,49.81890487670898,2.935874462127685,-11.470550537109377,2.43,28.0,-10.70188916982734,1.82,6.74,84.63236945481553,84.63236945481553,6.74,0.0,30.0
3.0,90.0,2.2,2.4,31.995737075805664,39.7492561340332,2.3837599754333496,-9.24413776397705,2.98,79.0,-15.862645434705708,1.38,7.21,90.92736379111857,90.92736379111857,7.21,16.5480831163201,30.0
