target_frequency_ghz,target_bandwidth_mhz,substrate_epsilon_r,substrate_height_mm,patch_length_mm,patch_width_mm,feed_width_mm,feed_offset_y_mm
2.45,100.0,2.2,2.4,39.74038696289063,49.52958679199219,2.961895227432251,-11.660110473632812
2.45,100.0,2.2,2.4,39.74038696289063,49.52958679199219,2.961895227432251,-11.660110473632812
2.45,100.0,2.2,2.4,39.74038696289063,49.52958679199219,2.961895227432251,-11.660110473632812
2.4,70.0,2.2,2.4,39.64590179443359,49.81890487670898,2.935874462127685,-11.470550537109377
3.0,90.0,2.2,2.4,31.995737075805664,39.7492561340332,2.3837599754333496,-9.24413776397705
