{
  "model_version": "wban_patch_formula_bootstrap_v1",
  "family": "wban_patch",
  "prediction_mode": "selected_output_override",
  "hidden_dims": [
    128,
    256,
    128
  ],
  "input_columns": [
    "target_frequency_ghz",
    "target_bandwidth_mhz",
    "substrate_epsilon_r",
    "substrate_height_mm",
    "body_distance_mm",
    "bending_radius_mm"
  ],
  "output_columns": [
    "patch_length_mm",
    "patch_width_mm",
    "feed_width_mm",
    "feed_offset_y_mm",
    "ground_slot_length_mm",
    "ground_slot_width_mm"
  ],
  "x_mean": [
    4.004162788391113,
    161.34774780273438,
    2.6005334854125977,
    1.89948570728302,
    5.993083953857422,
    64.84164428710938
  ],
  "x_std": [
    1.1582005023956299,
    68.88679504394531,
    0.3999996483325958,
    0.6369296908378601,
    2.3164844512939453,
    20.17323112487793
  ],
  "y_mean": [
    23.214130401611328,
    30.41529655456543,
    1.3165289163589478,
    -8.441926002502441,
    8.143074035644531,
    1.8404016494750977
  ],
  "y_std": [
    8.193612098693848,
    10.162245750427246,
    0.46026313304901123,
    3.042548894882202,
    3.2291460037231445,
    0.7782891392707825
  ],
  "train_rows": 8400,
  "validation_rows": 1800,
  "test_rows": 1800,
  "best_validation_loss": 0.01010459940880537,
  "train_mape": 3.933469772338867,
  "validation_mape": 4.13236141204834,
  "test_mape": 4.012129306793213,
  "fit_status": "balanced",
  "train_mae": {
    "patch_length_mm": 0.666443407535553,
    "patch_width_mm": 0.9967466592788696,
    "feed_width_mm": 0.04433436691761017,
    "feed_offset_y_mm": 0.325004518032074,
    "ground_slot_length_mm": 0.291753888130188,
    "ground_slot_width_mm": 0.11234649270772934
  },
  "validation_mae": {
    "patch_length_mm": 0.6945003271102905,
    "patch_width_mm": 1.031987190246582,
    "feed_width_mm": 0.04572537913918495,
    "feed_offset_y_mm": 0.33146747946739197,
    "ground_slot_length_mm": 0.31264761090278625,
    "ground_slot_width_mm": 0.11453620344400406
  },
  "test_mae": {
    "patch_length_mm": 0.6624899506568909,
    "patch_width_mm": 1.0013999938964844,
    "feed_width_mm": 0.04549788311123848,
    "feed_offset_y_mm": 0.32839569449424744,
    "ground_slot_length_mm": 0.30408382415771484,
    "ground_slot_width_mm": 0.11346589028835297
  },
  "train_mape_by_column": {
    "patch_length_mm": 2.900447368621826,
    "patch_width_mm": 3.27543306350708,
    "feed_width_mm": 3.3898723125457764,
    "feed_offset_y_mm": 3.860617160797119,
    "ground_slot_length_mm": 3.6616225242614746,
    "ground_slot_width_mm": 6.512825012207031
  },
  "validation_mape_by_column": {
    "patch_length_mm": 3.0857229232788086,
    "patch_width_mm": 3.458277463912964,
    "feed_width_mm": 3.6198160648345947,
    "feed_offset_y_mm": 4.002069473266602,
    "ground_slot_length_mm": 3.979673147201538,
    "ground_slot_width_mm": 6.648609161376953
  },
  "test_mape_by_column": {
    "patch_length_mm": 2.883929967880249,
    "patch_width_mm": 3.312220335006714,
    "feed_width_mm": 3.4900693893432617,
    "feed_offset_y_mm": 3.905000925064087,
    "ground_slot_length_mm": 3.8183164596557617,
    "ground_slot_width_mm": 6.663236618041992
  },
  "safe_output_bounds": {
    "patch_length_mm": [
      9.950073569251698,
      51.05135805892521
    ],
    "patch_width_mm": [
      14.315119542300751,
      65.46299503711613
    ],
    "feed_width_mm": [
      0.49515386434252656,
      3.1238540809770954
    ],
    "feed_offset_y_mm": [
      -20.672786359225817,
      -2.9149637863180997
    ],
    "ground_slot_length_mm": [
      2.15587,
      21.79873
    ],
    "ground_slot_width_mm": [
      0.27875,
      5.89145
    ]
  }
}